id,#Emails,#UniqueParticipants,#Dev,#EmailsWithDev,started_by_dev,is_answered,has_code,#Entities,first_response_delta,start_date,end_date,duration,category,macro,type
2048,3,2,1,2,0,1,1,19,96056.0,2004-04-05 08:25:29,2004-08-23 23:05:38,12148809.0,1.4,1,1.5
4109,6,4,3,5,1,1,0,0,29391.0,2006-06-14 23:52:01,2006-06-15 19:12:12,69611.0,4.2,4,4.3
4122,89,22,11,48,1,1,1,18,618.0,2006-06-16 20:47:23,2006-06-23 00:37:22,532199.0,2.5,2,2.4
31,8,6,5,7,0,1,0,0,61623.0,2001-10-01 00:18:21,2001-10-02 06:24:47,108386.0,5.2,5,5.2
33,2,2,1,1,0,1,0,0,1601.0,2001-10-02 00:59:49,2001-10-02 01:26:30,1601.0,5.2,5,5.2
46,1,1,0,0,0,0,1,1,0.0,2001-10-06 15:02:09,2001-10-06 15:02:09,0.0,5.2,5,5.6
20528,1,1,0,0,0,0,0,0,0.0,2012-08-14 18:32:05,2012-08-14 18:32:05,0.0,2.6,2,2.1
51,1,1,0,0,0,0,0,0,0.0,2001-10-08 17:55:00,2001-10-08 17:55:00,0.0,5.2,5,5.1
4156,2,2,1,1,0,1,0,0,85308.0,2006-06-26 19:34:08,2006-06-27 19:15:56,85308.0,2.2,2,2.2
4158,3,2,0,0,0,1,1,5,6466.0,2006-06-27 16:08:23,2006-06-27 20:37:26,16143.0,1.2,1,1.6
18495,1,1,0,0,0,0,0,0,0.0,2012-05-06 23:45:10,2012-05-06 23:45:10,0.0,4.4,4,4.1
65,3,2,2,3,1,1,1,3,54831.0,2001-10-11 01:29:35,2001-10-11 17:32:39,57784.0,5.1,5,5.4
6210,1,1,0,0,0,0,1,1,0.0,2008-10-07 20:17:28,2008-10-07 20:17:28,0.0,5.2,5,5.6
2119,89,1,0,0,0,1,1,1,236218.0,2004-04-20 20:23:45,2005-02-22 22:06:15,26617350.0,6.1,6,6.6
18505,2,2,2,2,1,1,0,0,36107.0,2012-05-08 00:28:32,2012-05-08 10:30:19,36107.0,1.2,1,1.3
77,4,2,1,2,0,1,1,3,21849.0,2001-10-12 10:52:41,2001-10-13 19:36:49,117848.0,1.3,1,1.5
8276,5,3,2,4,1,1,1,2,605.0,2010-04-15 07:16:25,2010-04-15 09:19:39,7394.0,1.2,1,1.4
10325,4,4,3,3,1,1,0,0,18516.0,2010-10-27 09:27:51,2010-10-27 16:52:28,26677.0,6.3,6,6.3
4185,5,3,1,1,0,1,1,3,14069.0,2006-07-11 02:05:48,2006-07-11 17:58:15,57147.0,5.2,5,5.5
6234,16,5,4,13,1,1,1,11,4632731.0,2008-10-21 21:02:32,2008-12-22 21:16:20,5357628.0,3.1,3,3.4
17423,2,2,1,1,0,1,0,0,79189.0,2012-03-05 19:49:33,2012-03-06 17:49:22,79189.0,6.3,6,6.2
4194,4,3,3,4,1,1,0,0,188015.0,2006-07-15 14:37:11,2006-07-20 05:06:27,397756.0,1.2,1,1.3
2148,4,1,1,4,1,1,0,0,1662660.0,2004-04-27 09:13:47,2004-05-16 23:12:19,1691912.0,1.3,1,1.3
6247,3,2,1,1,0,1,1,1,1207.0,2008-10-30 20:13:53,2008-10-30 20:34:53,1260.0,5.2,5,5.5
106,1,1,0,0,0,0,0,0,0.0,2001-10-26 07:03:05,2001-10-26 07:03:05,0.0,5.2,5,5.1
4209,7,3,3,7,1,1,1,5,2474.0,2006-07-23 17:10:47,2006-07-25 21:18:09,187642.0,5.2,5,5.4
2162,5,2,0,0,0,1,1,11,3462.0,2004-04-29 16:12:19,2004-04-29 17:42:07,5388.0,1.1,1,1.6
4215,2,2,2,2,1,1,0,0,4670.0,2006-07-25 23:03:48,2006-07-26 00:21:38,4670.0,2.7,2,2.3
12408,12,5,3,7,0,1,1,8,107274.0,2011-03-09 06:01:50,2011-03-11 12:54:32,197562.0,1.2,1,1.5
2174,12,1,0,0,0,1,1,1,168349.0,2004-05-07 16:09:01,2005-02-11 21:41:31,24211950.0,6.1,6,6.6
127,1,1,1,1,1,0,0,0,0.0,2001-11-04 17:31:33,2001-11-04 17:31:33,0.0,2.3,2,2.3
2177,6,3,3,6,1,1,1,12,203.0,2004-05-08 15:15:03,2004-05-11 20:31:39,278196.0,1.2,1,1.4
136,2,2,1,1,1,1,1,1,5342.0,2001-11-13 07:58:14,2001-11-13 09:27:16,5342.0,1.2,1,1.4
142,2,1,1,2,1,1,1,5,1987.0,2001-11-27 06:33:01,2001-11-27 07:06:08,1987.0,5.1,5,5.4
6290,1,1,1,1,1,0,0,0,0.0,2008-11-14 21:59:57,2008-11-14 21:59:57,0.0,4.1,4,4.3
8340,3,2,1,1,0,1,0,0,521556.0,2010-04-23 17:35:10,2010-04-30 06:46:05,565855.0,4.2,4,4.2
18798,1,1,1,1,1,0,1,1,0.0,2012-05-23 07:52:29,2012-05-23 07:52:29,0.0,4.4,4,4.4
4249,11,4,3,8,1,1,1,13,17632.0,2006-08-11 05:45:53,2006-08-22 16:45:49,989996.0,1.1,1,1.4
8218,1,1,0,0,0,0,1,17,0.0,2010-04-03 09:41:32,2010-04-03 09:41:32,0.0,5.1,5,5.6
166,3,2,1,1,0,1,1,3,1943139.0,2001-12-09 10:13:24,2002-01-01 00:26:55,1952011.0,1.4,1,1.5
4264,5,2,2,5,1,1,1,33,25040.0,2006-08-15 08:31:18,2006-08-16 22:53:42,138144.0,1.2,1,1.4
19714,2,1,1,2,1,1,0,0,211499.0,2012-07-09 19:41:30,2012-07-12 06:26:29,211499.0,2.2,2,2.3
173,1,1,1,1,1,0,0,0,0.0,2001-12-19 14:31:33,2001-12-19 14:31:33,0.0,1.3,1,1.3
2228,2,1,0,0,0,1,0,0,210.0,2004-05-20 21:39:50,2004-05-20 21:43:20,210.0,6.1,6,6.1
8374,2,2,2,2,1,1,0,0,313.0,2010-04-27 18:39:41,2010-04-27 18:44:54,313.0,1.1,1,1.3
193,1,1,1,1,1,0,0,0,0.0,2002-01-17 23:26:55,2002-01-17 23:26:55,0.0,1.3,1,1.3
4290,3,2,1,1,0,1,1,3,6002.0,2006-08-23 14:29:12,2006-08-25 10:25:45,158193.0,5.2,5,5.5
201,5,4,4,5,1,1,1,3,72157.0,2002-01-19 02:02:35,2002-01-20 12:15:19,123164.0,1.4,1,1.4
2257,2,1,0,0,0,1,1,4,15232618.0,2004-06-01 15:29:34,2004-11-24 22:46:32,15232618.0,6.1,6,6.6
8403,4,2,1,2,0,1,1,10,607.0,2010-04-30 17:15:10,2010-04-30 20:12:11,10621.0,1.1,1,1.5
214,1,1,1,1,1,0,1,1,0.0,2002-01-24 18:43:53,2002-01-24 18:43:53,0.0,1.2,1,1.4
4314,4,3,1,1,1,1,0,0,78408.0,2006-09-01 18:50:31,2006-09-02 18:27:33,85022.0,4.4,4,4.3
4320,3,2,0,0,0,1,1,1,64269.0,2006-09-09 22:35:36,2006-09-10 16:26:45,64269.0,5.2,5,5.6
4322,2,2,1,1,0,1,0,0,68615.0,2006-09-10 15:56:08,2006-09-11 10:59:43,68615.0,5.2,5,5.2
2281,1,1,0,0,0,0,0,0,0.0,2004-06-23 08:28:53,2004-06-23 08:28:53,0.0,5.2,5,5.1
235,4,3,3,4,1,1,0,0,2527.0,2002-01-27 21:47:35,2002-01-27 22:40:46,3191.0,2.8,2,2.3
4336,4,2,2,4,1,1,1,8,2323.0,2006-09-21 19:10:56,2006-09-24 05:52:18,211282.0,1.2,1,1.4
6386,5,5,5,5,1,1,0,0,2591.0,2008-12-19 22:04:21,2008-12-20 11:40:40,48979.0,4.2,4,4.3
4341,3,3,2,2,0,1,0,0,17202.0,2006-09-23 14:43:00,2006-09-23 20:01:10,19090.0,5.2,5,5.2
4349,8,2,1,3,0,1,1,7,2004.0,2006-09-29 17:28:18,2006-10-02 16:23:52,255334.0,5.1,5,5.5
2302,3,2,1,1,0,1,0,0,8543.0,2004-07-07 12:53:33,2004-07-08 04:28:40,56107.0,5.2,5,5.2
4352,4,2,0,0,0,1,1,6,5167.0,2006-10-03 07:32:15,2006-10-03 21:39:18,50823.0,5.2,5,5.6
258,1,1,0,0,0,0,1,2,0.0,2002-02-01 14:06:51,2002-02-01 14:06:51,0.0,1.3,1,1.6
5163,6,3,2,3,0,1,1,3,2497.0,2007-09-04 18:22:19,2007-09-05 22:01:17,99538.0,1.2,1,1.5
4357,4,3,2,3,1,1,1,2,65817.0,2006-10-07 16:29:50,2006-10-09 18:08:06,178696.0,1.1,1,1.4
18694,1,1,0,0,0,0,0,0,0.0,2012-05-19 02:35:12,2012-05-19 02:35:12,0.0,6.1,6,6.1
15404,13,7,6,12,1,1,0,0,3644.0,2011-10-04 06:16:58,2011-10-04 15:29:26,33148.0,2.3,2,2.3
268,1,1,0,0,0,0,0,0,0.0,2002-02-07 15:31:11,2002-02-07 15:31:11,0.0,6.3,6,6.1
4368,1,1,1,1,1,0,0,0,0.0,2006-10-15 10:13:49,2006-10-15 10:13:49,0.0,5.3,5,5.3
4370,2,2,0,0,0,1,0,0,3390.0,2006-10-15 14:09:10,2006-10-15 15:05:40,3390.0,5.3,5,5.1
12571,10,5,3,6,0,1,1,1,1106378.0,2011-03-17 03:55:35,2011-05-18 20:17:05,5415690.0,5.3,5,5.5
4385,4,3,2,3,1,1,1,12,463.0,2006-10-18 20:18:20,2006-10-30 19:18:18,1033198.0,1.1,1,1.4
14633,2,2,2,2,1,1,1,12,258.0,2011-08-03 09:11:52,2011-08-03 09:16:10,258.0,2.3,2,2.4
2350,3,2,2,3,1,1,0,0,5130.0,2004-07-20 18:22:03,2004-07-20 20:55:15,9192.0,1.2,1,1.3
16702,1,1,1,1,1,0,1,6,0.0,2012-01-23 13:48:06,2012-01-23 13:48:06,0.0,4.4,4,4.4
16703,1,1,1,1,1,0,0,0,0.0,2012-01-23 16:27:54,2012-01-23 16:27:54,0.0,6.2,6,6.3
6467,1,1,0,0,0,0,0,0,0.0,2009-01-28 01:27:09,2009-01-28 01:27:09,0.0,2.2,2,2.1
4421,2,1,1,2,1,1,0,0,11718.0,2006-10-27 19:38:09,2006-10-27 22:53:27,11718.0,2.6,2,2.3
6473,7,5,3,4,1,1,0,0,7728.0,2009-01-30 17:31:02,2009-01-30 22:44:43,18821.0,1.2,1,1.3
6478,3,2,0,0,0,1,1,3,6773.0,2009-01-31 02:17:28,2009-01-31 17:54:10,56202.0,5.2,5,5.6
4431,9,6,5,7,1,1,1,7,891.0,2006-10-30 23:12:58,2006-11-01 01:40:50,95272.0,1.2,1,1.4
339,1,1,0,0,0,0,0,0,0.0,2002-03-01 10:57:44,2002-03-01 10:57:44,0.0,5.3,5,5.1
4436,12,6,3,6,0,1,1,3,13041.0,2006-11-02 21:30:14,2006-11-14 02:26:05,968151.0,1.4,1,1.5
342,2,1,0,0,0,1,0,0,0.0,2002-03-03 03:13:01,2002-03-03 03:18:56,355.0,4.4,4,4.1
6488,9,2,1,5,0,1,1,19,774.0,2009-02-06 23:27:23,2009-02-09 11:23:50,215787.0,5.1,5,5.5
4441,1,1,0,0,0,0,0,0,0.0,2006-11-06 22:58:39,2006-11-06 22:58:39,0.0,5.2,5,5.1
348,1,1,0,0,0,0,0,0,0.0,2002-03-07 01:40:17,2002-03-07 01:40:17,0.0,6.2,6,6.1
352,2,2,1,1,0,1,0,0,29817.0,2002-03-08 08:35:04,2002-03-08 16:52:01,29817.0,5.3,5,5.2
4451,3,2,1,1,0,1,1,11,1145.0,2006-11-15 02:05:02,2006-11-20 18:46:16,492074.0,5.1,5,5.5
2404,3,2,2,3,1,1,0,0,8657.0,2004-08-02 21:14:04,2004-08-03 15:33:24,65960.0,3.2,3,3.3
359,2,2,0,0,0,1,1,1,130271.0,2002-03-13 02:28:43,2002-03-14 14:39:54,130271.0,1.2,1,1.6
4462,9,4,4,9,1,1,0,0,10894.0,2006-11-17 00:04:31,2006-12-02 00:02:00,1295849.0,2.8,2,2.3
4464,3,3,3,3,1,1,1,24,5814.0,2006-11-17 15:57:28,2006-11-20 07:35:43,229095.0,2.7,2,2.4
371,5,3,2,3,1,1,0,0,2795.0,2002-03-22 20:36:27,2002-03-22 23:02:13,8746.0,3.1,3,3.3
372,1,1,0,0,0,0,1,2,0.0,2002-03-23 09:32:57,2002-03-23 09:32:57,0.0,1.2,1,1.6
2422,1,1,0,0,0,0,0,0,0.0,2004-08-06 10:06:27,2004-08-06 10:06:27,0.0,5.1,5,5.1
2423,1,1,0,0,0,0,0,0,0.0,2004-08-06 10:11:43,2004-08-06 10:11:43,0.0,1.2,1,1.1
376,23,7,7,23,1,1,0,0,41323.0,2002-03-25 07:36:11,2002-04-01 20:13:00,650209.0,3.1,3,3.3
5866,10,4,4,10,1,1,0,0,32957.0,2008-04-30 07:55:53,2008-05-05 17:43:32,467259.0,3.2,3,3.3
385,3,3,2,2,1,1,0,0,7169.0,2002-04-01 16:31:41,2002-04-01 19:33:22,10901.0,5.3,5,5.3
12674,2,2,2,2,1,1,1,1,2119.0,2011-03-22 17:17:26,2011-03-22 17:52:45,2119.0,1.2,1,1.4
390,4,4,3,3,1,1,0,0,2273.0,2002-04-02 16:49:05,2002-04-03 08:27:52,56327.0,3.2,3,3.3
392,10,3,1,5,1,1,1,20,40159.0,2002-04-02 20:28:53,2002-04-09 15:48:51,587998.0,1.4,1,1.4
2443,1,1,0,0,0,0,0,0,0.0,2004-08-09 18:04:35,2004-08-09 18:04:35,0.0,1.2,1,1.1
396,1,1,0,0,0,0,0,0,0.0,2002-04-02 10:43:13,2002-04-02 10:43:13,0.0,5.3,5,5.1
4493,2,2,2,2,1,1,0,0,134487.0,2006-11-27 05:51:00,2006-11-28 19:12:27,134487.0,1.2,1,1.3
6542,1,1,1,1,1,0,0,0,0.0,2009-03-10 13:56:01,2009-03-10 13:56:01,0.0,2.4,2,2.3
6548,1,1,0,0,0,0,0,0,0.0,2009-03-11 13:37:52,2009-03-11 13:37:52,0.0,6.2,6,6.1
411,1,1,0,0,0,0,1,1,0.0,2002-04-10 02:56:01,2002-04-10 02:56:01,0.0,1.4,1,1.6
2467,2,2,1,1,1,1,1,2,68255.0,2004-08-14 15:15:06,2004-08-15 10:12:41,68255.0,1.1,1,1.4
2468,14,5,4,13,1,1,1,3,11437.0,2004-08-14 17:34:09,2004-08-20 20:58:07,530638.0,1.2,1,1.4
4521,3,3,2,2,1,1,0,0,2005.0,2006-12-09 14:27:15,2006-12-09 16:28:02,7247.0,2.5,2,2.3
4532,9,7,5,7,1,1,0,0,1710.0,2006-12-13 06:00:52,2006-12-16 10:13:17,274345.0,1.2,1,1.3
4534,4,4,2,2,1,1,1,1,485.0,2006-12-13 18:52:21,2006-12-14 10:02:38,54617.0,5.3,5,5.4
440,13,4,3,7,0,1,1,20,2179.0,2002-04-22 14:00:58,2002-04-26 16:06:31,353133.0,5.1,5,5.5
452,8,5,4,7,1,1,1,32,6502.0,2002-05-02 13:03:57,2002-05-02 18:28:03,19446.0,1.1,1,1.4
454,2,2,2,2,1,1,0,0,7813.0,2002-05-03 18:51:34,2002-05-03 21:01:47,7813.0,2.4,2,2.3
5196,1,1,0,0,0,0,0,0,0.0,2007-09-24 02:42:31,2007-09-24 02:42:31,0.0,6.1,6,6.1
6609,11,6,4,5,0,1,1,7,44138.0,2009-04-02 22:24:30,2010-03-04 08:35:11,28980641.0,5.2,5,5.5
466,1,1,1,1,1,0,0,0,0.0,2002-05-04 15:56:21,2002-05-04 15:56:21,0.0,2.3,2,2.3
4515,3,3,2,2,0,1,1,6,5561.0,2006-12-06 16:36:23,2006-12-06 19:21:04,9881.0,1.4,1,1.5
2527,13,5,4,12,1,1,1,15,163646.0,2004-08-28 13:53:32,2004-09-02 08:56:24,414172.0,1.2,1,1.4
4583,1,1,0,0,0,0,0,0,0.0,2007-01-04 02:08:10,2007-01-04 02:08:10,0.0,5.3,5,5.1
4591,16,8,6,9,0,1,1,6,4936.0,2007-01-08 19:33:04,2007-01-13 19:42:21,432557.0,5.2,5,5.5
4596,3,2,2,3,1,1,1,3,135.0,2007-01-09 18:40:08,2007-01-09 20:00:15,4807.0,1.2,1,1.4
4598,1,1,1,1,1,0,0,0,0.0,2007-01-10 01:40:00,2007-01-10 01:40:00,0.0,2.8,2,2.3
4600,5,3,2,3,1,1,1,24,8262.0,2007-01-10 11:02:30,2007-01-10 17:15:04,22354.0,2.2,2,2.4
2553,1,1,0,0,0,0,0,0,0.0,2004-09-07 20:35:35,2004-09-07 20:35:35,0.0,5.1,5,5.1
4602,1,1,1,1,1,0,0,0,0.0,2007-01-11 07:07:51,2007-01-11 07:07:51,0.0,1.2,1,1.3
2555,1,1,0,0,0,0,1,12,0.0,2004-09-08 07:35:30,2004-09-08 07:35:30,0.0,6.3,6,6.6
12796,3,3,3,3,1,1,0,0,630.0,2011-03-30 00:09:22,2011-03-30 03:45:23,12961.0,1.2,1,1.3
4606,2,2,1,1,1,1,1,1,113862261.0,2007-01-11 20:51:55,2010-08-21 17:16:16,113862261.0,5.1,5,5.4
8706,1,1,1,1,1,0,1,9,0.0,2010-05-21 19:46:10,2010-05-21 19:46:10,0.0,2.3,2,2.4
522,3,3,1,1,0,1,0,0,2134.0,2002-05-16 22:20:45,2002-05-17 00:04:40,6235.0,1.1,1,1.2
526,2,2,2,2,1,1,1,1,305.0,2002-05-20 16:29:46,2002-05-20 16:34:51,305.0,3.2,3,3.4
528,10,9,3,4,1,1,1,12,1830.0,2002-05-20 18:19:15,2002-05-23 20:43:23,267848.0,3.1,3,3.4
6675,2,2,1,1,0,1,1,1,105897.0,2009-04-23 11:13:25,2009-04-24 16:38:22,105897.0,1.4,1,1.5
4631,6,5,4,4,0,1,0,0,10445.0,2007-01-19 19:09:57,2007-01-20 01:10:54,21657.0,2.1,2,2.2
4633,2,2,2,2,1,1,0,0,57161.0,2007-01-22 13:19:05,2007-01-23 05:11:46,57161.0,1.4,1,1.3
4638,2,2,1,1,0,1,1,7,2343.0,2007-01-23 14:28:33,2007-01-23 15:07:36,2343.0,1.1,1,1.5
2596,2,2,1,1,0,1,1,3,3096.0,2004-09-19 18:24:08,2004-09-19 19:15:44,3096.0,5.2,5,5.5
12839,12,5,5,12,1,1,0,0,640.0,2011-04-01 12:31:33,2011-04-01 16:03:23,12710.0,3.2,3,3.3
4648,4,3,2,2,0,1,1,6,2378.0,2007-01-26 23:48:31,2007-01-27 03:00:43,11532.0,5.2,5,5.5
21038,1,1,0,0,0,0,1,26,0.0,2012-09-09 04:43:24,2012-09-09 04:43:24,0.0,5.1,5,5.6
560,1,1,1,1,1,0,0,0,0.0,2002-05-28 17:17:54,2002-05-28 17:17:54,0.0,3.2,3,3.3
4663,3,1,0,0,0,1,1,3,402.0,2007-02-01 20:57:33,2007-02-01 22:03:50,3977.0,5.1,5,5.6
4664,5,4,1,1,0,1,1,3,18250.0,2007-02-02 04:42:14,2007-02-06 14:18:38,380184.0,1.4,1,1.5
569,2,2,2,2,1,1,0,0,34814.0,2002-06-01 23:16:35,2002-06-02 08:56:49,34814.0,3.2,3,3.3
98,8,3,2,6,0,1,1,8,7440.0,2001-10-19 16:28:05,2001-10-19 21:24:59,17814.0,5.2,5,5.5
6737,5,2,0,0,0,1,1,4,620.0,2009-05-15 01:37:10,2009-05-15 03:30:13,6783.0,1.2,1,1.6
4692,3,2,2,3,1,1,0,0,7492.0,2007-02-15 17:47:59,2007-02-15 22:38:23,17424.0,1.2,1,1.3
4694,6,3,3,6,1,1,1,1,17238.0,2007-02-15 19:33:28,2007-02-19 19:12:56,344368.0,2.3,2,2.4
16983,7,3,3,7,1,1,0,0,51275.0,2012-02-10 18:53:18,2012-02-11 16:43:53,78635.0,2.6,2,2.3
4697,1,1,1,1,1,0,0,0,0.0,2007-02-15 21:28:36,2007-02-15 21:28:36,0.0,2.7,2,2.3
4703,3,3,3,3,1,1,0,0,2032.0,2007-02-18 15:38:00,2007-02-19 02:24:46,38806.0,2.7,2,2.3
2661,9,5,4,7,1,1,0,0,7272.0,2004-10-11 16:21:43,2004-10-14 20:32:23,274240.0,1.2,1,1.3
4713,9,4,4,9,1,1,0,0,476.0,2007-02-21 20:04:01,2007-02-21 21:04:31,3630.0,2.1,2,2.3
618,5,3,1,2,0,1,1,1,1145.0,2002-06-19 20:55:05,2002-06-21 13:26:22,145877.0,5.1,5,5.5
620,2,2,0,0,0,1,0,0,50877.0,2002-06-20 20:21:51,2002-06-21 10:29:48,50877.0,5.2,5,5.1
12916,1,1,0,0,0,0,0,0,0.0,2011-04-07 20:10:33,2011-04-07 20:10:33,0.0,1.2,1,1.1
4729,2,2,1,1,0,1,0,0,1882.0,2007-02-26 18:36:12,2007-02-26 19:07:34,1882.0,5.2,5,5.2
637,1,1,0,0,0,0,1,2,0.0,2002-06-27 09:31:01,2002-06-27 09:31:01,0.0,4.4,4,4.6
4734,5,2,2,5,1,1,1,4,74663.0,2007-02-28 00:59:45,2007-02-28 23:14:20,80075.0,2.3,2,2.4
4735,6,5,3,4,0,1,0,0,22989.0,2007-02-28 07:32:12,2007-02-28 22:14:45,52953.0,2.2,2,2.2
2688,5,2,0,0,0,1,1,5,35584.0,2004-10-17 00:22:12,2004-10-17 21:09:19,74827.0,1.1,1,1.6
2691,1,1,0,0,0,0,0,0,0.0,2004-10-17 17:39:29,2004-10-17 17:39:29,0.0,1.1,1,1.1
4740,3,2,1,1,0,1,1,2,193127.0,2007-03-02 12:23:49,2007-03-05 12:59:57,261368.0,5.2,5,5.5
2695,2,2,1,1,0,1,1,8,597.0,2004-10-18 21:16:01,2004-10-18 21:25:58,597.0,1.1,1,1.5
8845,22,7,7,22,1,1,1,1,7893.0,2010-05-28 22:23:30,2010-06-02 19:00:37,419827.0,3.1,3,3.4
15469,1,1,0,0,0,0,0,0,0.0,2011-10-09 04:13:54,2011-10-09 04:13:54,0.0,6.2,6,6.1
2706,7,3,3,7,1,1,1,3,3414.0,2004-10-21 17:41:57,2004-10-24 01:49:07,202030.0,4.2,4,4.4
659,7,4,4,7,1,1,0,0,4127.0,2002-07-08 22:57:39,2002-07-09 12:14:28,47809.0,1.3,1,1.3
4757,2,2,2,2,1,1,1,1,14354.0,2007-03-07 23:11:35,2007-03-08 03:10:49,14354.0,2.2,2,2.4
18884,1,1,0,0,0,0,0,0,0.0,2012-05-27 17:02:50,2012-05-27 17:02:50,0.0,6.1,6,6.1
4764,1,1,1,1,1,0,1,14,0.0,2007-03-10 18:51:53,2007-03-10 18:51:53,0.0,1.2,1,1.4
4765,5,3,2,2,1,1,1,18,1548.0,2007-03-10 23:27:58,2007-03-12 20:49:52,163314.0,3.1,3,3.4
4769,2,2,1,1,0,1,1,12,151790.0,2007-03-13 03:25:18,2007-03-14 21:35:08,151790.0,1.2,1,1.5
2723,14,7,4,8,0,1,1,18,18193.0,2004-10-29 08:04:47,2004-11-04 09:40:28,524141.0,1.1,1,1.5
2727,9,3,1,4,1,1,0,0,851.0,2004-10-31 16:00:24,2004-11-01 04:55:59,46535.0,1.1,1,1.3
17064,4,3,3,4,1,1,1,52,3627.0,2012-02-14 16:18:11,2012-02-15 06:20:30,50539.0,2.3,2,2.4
6825,4,3,1,1,0,1,1,4,1208929.0,2009-06-09 23:17:58,2009-06-24 14:22:16,1263858.0,5.2,5,5.5
4778,1,1,1,1,1,0,0,0,0.0,2007-03-15 09:17:13,2007-03-15 09:17:13,0.0,4.3,4,4.3
4781,4,3,3,4,1,1,1,46,70752.0,2007-03-16 01:47:34,2007-03-17 11:04:42,119828.0,1.2,1,1.4
21167,5,2,1,2,0,1,1,8,560.0,2012-09-13 18:52:21,2012-09-13 19:26:48,2067.0,1.2,1,1.5
4785,2,1,0,0,0,1,1,1,816.0,2007-03-16 23:33:50,2007-03-16 23:47:26,816.0,5.2,5,5.6
2743,1,1,0,0,0,0,0,0,0.0,2004-11-08 12:04:13,2004-11-08 12:04:13,0.0,5.2,5,5.1
2750,2,2,2,2,1,1,0,0,8321.0,2004-11-10 13:25:16,2004-11-10 15:43:57,8321.0,2.3,2,2.3
4800,1,1,1,1,1,0,0,0,0.0,2007-03-20 13:30:56,2007-03-20 13:30:56,0.0,1.2,1,1.3
10945,2,2,0,0,0,1,0,0,414580.0,2010-12-02 00:04:38,2010-12-06 19:14:18,414580.0,5.2,5,5.1
12995,2,2,2,2,1,1,1,2,4111.0,2011-04-14 11:21:21,2011-04-14 12:29:52,4111.0,1.1,1,1.4
713,2,2,0,0,0,1,1,1,150193.0,2002-07-16 21:12:59,2002-07-18 14:56:12,150193.0,5.3,5,5.6
17099,1,1,0,0,0,0,0,0,0.0,2012-02-16 18:48:02,2012-02-16 18:48:02,0.0,4.4,4,4.1
10956,1,1,1,1,1,0,1,6,0.0,2010-12-02 17:58:07,2010-12-02 17:58:07,0.0,1.2,1,1.4
4823,2,2,2,2,1,1,1,1,384570.0,2007-03-24 21:00:59,2007-03-29 07:50:29,384570.0,1.3,1,1.4
4824,4,4,3,3,1,1,0,0,10885.0,2007-03-25 16:24:07,2007-03-26 18:06:48,92561.0,4.1,4,4.3
2779,1,1,0,0,0,0,0,0,0.0,2004-11-18 11:56:33,2004-11-18 11:56:33,0.0,5.1,5,5.1
737,4,4,3,3,1,1,1,9,5272.0,2002-08-08 22:18:03,2002-11-19 05:46:29,8839706.0,1.1,1,1.4
4836,3,3,2,2,0,1,1,9,35563.0,2007-03-27 09:38:28,2007-03-28 01:34:51,57383.0,1.4,1,1.5
17125,2,2,1,1,0,1,0,0,25467.0,2012-02-19 02:50:20,2012-02-19 09:54:47,25467.0,2.2,2,2.2
19174,9,5,4,8,1,1,0,0,8543.0,2012-06-09 02:54:08,2012-06-11 13:47:08,211980.0,3.1,3,3.3
21628,1,1,0,0,0,0,0,0,0.0,2012-09-27 22:08:00,2012-09-27 22:08:00,0.0,3.2,3,3.1
4844,2,2,1,1,0,1,1,4,19559.0,2007-04-02 08:58:04,2007-04-02 14:24:03,19559.0,5.2,5,5.5
467,2,2,0,0,0,1,0,0,126052.0,2002-05-05 06:15:19,2002-05-06 17:16:11,126052.0,5.2,5,5.1
758,1,1,0,0,0,0,0,0,0.0,2002-08-30 03:35:32,2002-08-30 03:35:32,0.0,1.4,1,1.1
8962,1,1,0,0,0,0,0,0,0.0,2010-06-08 00:11:09,2010-06-08 00:11:09,0.0,5.3,5,5.1
2819,1,1,0,0,0,0,1,8,0.0,2004-12-01 06:03:43,2004-12-01 06:03:43,0.0,1.4,1,1.6
4868,1,1,0,0,0,0,0,0,0.0,2007-04-10 17:49:57,2007-04-10 17:49:57,0.0,6.1,6,6.1
8967,5,2,1,1,0,1,1,3,1942.0,2010-06-08 06:52:16,2010-06-08 07:35:48,2612.0,5.1,5,5.5
778,1,1,1,1,1,0,1,2,0.0,2002-09-01 08:35:10,2002-09-01 08:35:10,0.0,1.3,1,1.4
8983,9,6,4,7,1,1,0,0,3487.0,2010-06-10 15:17:29,2010-06-10 22:48:58,27089.0,2.7,2,2.3
2842,6,2,2,6,1,1,0,0,962580.0,2004-12-07 01:18:03,2004-12-22 10:19:01,1328458.0,1.4,1,1.3
795,1,1,0,0,0,0,0,0,0.0,2002-09-11 19:07:57,2002-09-11 19:07:57,0.0,5.2,5,5.1
6943,5,3,3,5,1,1,1,7,333614.0,2009-07-02 14:25:26,2009-07-06 16:06:05,351639.0,1.1,1,1.4
2856,12,5,3,3,1,1,1,16,2302.0,2004-12-10 19:57:08,2004-12-13 21:16:17,263949.0,1.2,1,1.4
2858,2,2,2,2,1,1,1,2,238928.0,2004-12-11 00:12:23,2004-12-13 18:34:31,238928.0,1.2,1,1.4
4907,3,3,2,2,0,1,0,0,1147415.0,2007-05-02 15:07:34,2007-05-16 01:05:46,1159092.0,2.2,2,2.2
19245,2,2,0,0,0,1,0,0,34843.0,2012-06-12 06:32:45,2012-06-12 16:13:28,34843.0,5.2,5,5.1
9012,1,1,1,1,1,0,0,0,0.0,2010-06-14 13:40:59,2010-06-14 13:40:59,0.0,1.2,1,1.3
2870,2,2,0,0,0,1,1,2,8615.0,2004-12-15 20:46:23,2004-12-15 23:09:58,8615.0,1.2,1,1.6
4924,6,4,2,2,0,1,0,0,6877.0,2007-05-15 23:13:02,2007-05-16 16:32:37,62375.0,1.1,1,1.2
4925,2,2,1,1,0,1,1,3,5289.0,2007-05-16 16:02:15,2007-05-16 17:30:24,5289.0,1.1,1,1.5
2880,1,1,0,0,0,0,0,0,0.0,2004-12-20 23:57:44,2004-12-20 23:57:44,0.0,6.1,6,6.1
2881,7,1,0,0,0,1,0,0,25.0,2004-12-20 23:58:43,2005-01-03 16:42:42,1183439.0,6.1,6,6.1
837,1,1,1,1,1,0,1,1,0.0,2002-09-18 14:12:00,2002-09-18 14:12:00,0.0,1.4,1,1.4
2888,23,2,1,1,0,1,1,56,436.0,2004-12-22 23:19:31,2005-03-01 20:14:25,5950494.0,6.1,6,6.5
841,1,1,0,0,0,0,0,0,0.0,2002-09-18 23:07:44,2002-09-18 23:07:44,0.0,1.1,1,1.1
4939,1,1,1,1,1,0,0,0,0.0,2007-05-23 06:20:38,2007-05-23 06:20:38,0.0,2.3,2,2.3
6990,3,2,1,1,0,1,1,3,5699.0,2009-07-18 14:37:15,2009-07-20 23:03:05,203150.0,1.2,1,1.5
847,6,5,1,1,0,1,1,2,1373.0,2002-09-19 18:54:13,2002-09-26 22:22:40,617307.0,1.3,1,1.5
851,5,5,2,2,0,1,1,2,1570.0,2002-09-20 18:04:53,2002-09-24 09:37:57,315184.0,5.1,5,5.5
17236,1,1,0,0,0,0,0,0,0.0,2012-02-24 08:27:28,2012-02-24 08:27:28,0.0,5.2,5,5.1
4950,1,1,0,0,0,0,0,0,0.0,2007-05-26 06:48:42,2007-05-26 06:48:42,0.0,1.1,1,1.1
2904,1,1,0,0,0,0,0,0,0.0,2005-01-03 16:47:06,2005-01-03 16:47:06,0.0,6.1,6,6.1
7004,1,1,1,1,1,0,1,1,0.0,2009-07-24 04:02:45,2009-07-24 04:02:45,0.0,3.1,3,3.4
13151,1,1,0,0,0,0,0,0,0.0,2011-04-28 03:00:38,2011-04-28 03:00:38,0.0,4.2,4,4.1
864,2,2,1,1,0,1,0,0,44641.0,2002-10-03 04:41:22,2002-10-03 17:05:23,44641.0,1.2,1,1.2
2913,1,1,0,0,0,0,1,2,0.0,2005-01-06 14:04:28,2005-01-06 14:04:28,0.0,5.2,5,5.6
866,7,3,2,5,0,1,1,5,274.0,2002-10-09 15:09:37,2003-01-07 16:13:06,7779809.0,1.4,1,1.5
869,11,5,3,7,1,1,1,23,45473.0,2002-10-15 02:18:26,2003-01-27 07:53:48,9005722.0,1.2,1,1.4
7018,3,2,2,3,1,1,1,7,20163.0,2009-07-28 23:55:28,2009-07-30 03:28:40,99192.0,2.3,2,2.4
4971,2,2,2,2,1,1,1,14,723.0,2007-06-04 15:58:49,2007-06-04 16:10:52,723.0,1.4,1,1.4
4973,12,5,4,11,1,1,1,42,4811.0,2007-06-05 01:59:49,2007-06-09 00:20:51,339662.0,3.1,3,3.4
19314,1,1,0,0,0,0,1,2,0.0,2012-06-15 15:54:50,2012-06-15 15:54:50,0.0,2.3,2,2.6
11123,3,2,2,3,1,1,1,4,21798.0,2010-12-14 04:50:22,2010-12-14 11:05:24,22502.0,2.6,2,2.4
4989,4,2,2,4,1,1,0,0,69550.0,2007-06-07 05:53:47,2007-06-16 05:07:14,774807.0,3.1,3,3.3
899,1,1,0,0,0,0,1,1,0.0,2002-10-23 17:16:18,2002-10-23 17:16:18,0.0,5.2,5,5.6
2952,2,2,0,0,0,1,1,3,29535.0,2005-01-18 00:00:41,2005-01-18 08:12:56,29535.0,5.2,5,5.6
5009,6,4,3,4,1,1,0,0,240.0,2007-06-12 07:09:24,2007-06-12 19:15:37,43573.0,2.3,2,2.3
914,12,6,4,8,0,1,1,2,3458.0,2002-10-30 17:10:24,2002-11-04 17:55:27,434703.0,3.1,3,3.5
5012,1,1,1,1,1,0,1,3,0.0,2007-06-14 15:58:17,2007-06-14 15:58:17,0.0,1.1,1,1.4
917,3,3,2,2,1,1,0,0,794.0,2002-10-30 19:12:24,2002-10-30 19:41:15,1731.0,2.8,2,2.3
2967,1,1,0,0,0,0,1,4,0.0,2005-01-24 17:54:50,2005-01-24 17:54:50,0.0,5.1,5,5.6
5024,1,1,0,0,0,0,0,0,0.0,2007-06-19 05:28:26,2007-06-19 05:28:26,0.0,6.1,6,6.1
7074,1,1,1,1,1,0,1,7,0.0,2009-08-07 16:55:43,2009-08-07 16:55:43,0.0,1.2,1,1.4
934,5,2,1,2,0,1,1,1,418.0,2002-11-07 20:48:03,2002-11-08 00:24:35,12992.0,2.2,2,2.5
2988,1,1,0,0,0,0,0,0,0.0,2005-02-02 16:32:39,2005-02-02 16:32:39,0.0,5.2,5,5.1
17329,1,1,0,0,0,0,1,3,0.0,2012-02-29 06:45:49,2012-02-29 06:45:49,0.0,5.1,5,5.6
21431,3,3,3,3,1,1,0,0,320.0,2012-09-21 07:58:33,2012-09-21 13:31:49,19996.0,2.6,2,2.3
3007,1,1,1,1,1,0,1,5,0.0,2005-02-05 03:03:23,2005-02-05 03:03:23,0.0,6.1,6,6.4
3011,1,1,1,1,1,0,0,0,0.0,2005-02-06 15:35:14,2005-02-06 15:35:14,0.0,6.1,6,6.3
3017,1,1,1,1,1,0,0,0,0.0,2005-02-07 23:57:03,2005-02-07 23:57:03,0.0,6.1,6,6.3
5070,3,2,1,2,1,1,0,0,8967.0,2007-07-09 01:27:06,2007-07-09 11:11:06,35040.0,5.3,5,5.3
7120,51,14,10,45,1,1,1,13,13509.0,2009-08-17 22:51:45,2009-08-25 16:16:17,667472.0,3.2,3,3.4
5073,2,2,1,1,0,1,1,2,489.0,2007-07-10 18:25:36,2007-07-10 18:33:45,489.0,2.2,2,2.5
7123,1,1,0,0,0,0,0,0,0.0,2009-08-18 06:39:07,2009-08-18 06:39:07,0.0,5.3,5,5.1
510,8,6,3,4,1,1,0,0,32004.0,2002-05-15 04:52:17,2002-05-16 09:15:13,102176.0,1.2,1,1.3
7807,3,3,2,2,1,1,0,0,10848.0,2009-12-10 07:01:17,2009-12-10 13:17:35,22578.0,2.2,2,2.3
7132,3,3,2,2,1,1,1,3,273.0,2009-08-20 15:40:06,2009-08-20 17:41:39,7293.0,2.3,2,2.4
5091,7,4,2,4,0,1,0,0,600.0,2007-07-17 17:43:52,2007-07-18 14:33:00,74948.0,2.7,2,2.2
5094,5,2,0,0,0,1,1,2,41167.0,2007-07-18 08:29:41,2007-07-20 01:40:07,148226.0,5.2,5,5.6
7144,3,3,2,2,1,1,1,3,34021.0,2009-08-20 22:46:48,2009-08-21 08:39:05,35537.0,5.1,5,5.4
3049,10,4,3,5,0,1,0,0,4983.0,2005-02-13 16:14:46,2005-02-14 17:38:30,91424.0,5.3,5,5.2
19434,4,3,3,4,1,1,1,2,7852.0,2012-06-24 13:42:11,2012-06-24 23:52:50,36639.0,2.6,2,2.4
1004,2,2,1,1,0,1,1,2,86096.0,2002-12-05 23:29:11,2002-12-06 23:24:07,86096.0,1.1,1,1.5
5101,16,8,6,11,1,1,1,2,3561.0,2007-07-24 21:17:11,2007-07-27 00:22:15,183904.0,3.1,3,3.4
1011,16,7,4,9,0,1,1,16,1718.0,2002-12-12 20:08:59,2003-01-28 15:50:56,4045317.0,1.2,1,1.5
3060,1,1,1,1,1,0,1,28,0.0,2005-02-16 20:38:01,2005-02-16 20:38:01,0.0,6.1,6,6.4
3061,5,5,5,5,1,1,0,0,12169.0,2005-02-17 11:11:45,2005-02-17 18:02:22,24637.0,5.3,5,5.3
3065,1,1,1,1,1,0,0,0,0.0,2005-02-17 18:01:23,2005-02-17 18:01:23,0.0,5.3,5,5.3
9211,1,1,0,0,0,0,0,0,0.0,2010-07-06 01:53:39,2010-07-06 01:53:39,0.0,6.1,6,6.1
5117,1,1,0,0,0,0,0,0,0.0,2007-08-03 14:03:31,2007-08-03 14:03:31,0.0,5.1,5,5.1
5118,6,2,0,0,0,1,1,7,33998.0,2007-08-04 07:36:33,2007-08-05 09:40:37,93844.0,1.2,1,1.6
19456,6,3,3,6,1,1,1,5,5160.0,2012-06-26 15:32:16,2012-06-26 23:21:33,28157.0,1.2,1,1.4
3080,1,1,1,1,1,0,0,0,0.0,2005-02-21 11:54:28,2005-02-21 11:54:28,0.0,5.1,5,5.3
3086,3,2,2,3,1,1,1,5,10347.0,2005-02-23 14:14:16,2005-02-23 19:02:06,17270.0,6.1,6,6.4
8365,4,3,1,1,0,1,1,1,3838.0,2010-04-26 21:04:06,2010-04-27 07:34:29,37823.0,5.1,5,5.5
856,1,1,1,1,1,0,0,0,0.0,2002-09-22 19:47:45,2002-09-22 19:47:45,0.0,2.3,2,2.3
3091,5,4,3,4,1,1,1,1,4173.0,2005-02-24 21:46:10,2005-02-25 08:42:07,39357.0,2.3,2,2.4
5144,5,4,4,5,1,1,1,8,30596.0,2007-08-17 01:21:39,2007-08-17 18:18:54,61035.0,1.1,1,1.4
17433,1,1,1,1,1,0,0,0,0.0,2012-03-06 07:35:23,2012-03-06 07:35:23,0.0,4.4,4,4.3
3099,2,2,1,1,1,1,0,0,900.0,2005-02-27 23:24:43,2005-02-27 23:39:43,900.0,2.7,2,2.3
5148,2,2,1,1,0,1,1,4,122860.0,2007-08-22 20:19:07,2007-08-24 06:26:47,122860.0,1.2,1,1.5
5151,2,2,2,2,1,1,0,0,1075.0,2007-08-23 17:53:20,2007-08-23 18:11:15,1075.0,2.2,2,2.3
3107,1,1,0,0,0,0,0,0,0.0,2005-03-02 05:38:39,2005-03-02 05:38:39,0.0,2.4,2,2.1
1064,7,3,2,3,1,1,1,8,1820.0,2003-01-22 14:51:25,2003-01-30 12:36:07,683082.0,5.1,5,5.4
1067,2,2,1,1,0,1,0,0,249213.0,2003-01-23 07:25:42,2003-01-26 04:39:15,249213.0,2.2,2,2.2
7212,3,2,2,3,1,1,1,10,106.0,2009-08-27 18:33:28,2009-08-27 18:37:18,230.0,3.1,3,3.4
3126,4,2,1,2,0,1,1,21,25295.0,2005-03-10 00:57:24,2005-03-11 03:26:52,95368.0,1.3,1,1.5
1081,3,3,2,2,0,1,0,0,5650.0,2003-01-28 05:53:50,2003-01-29 15:31:34,121064.0,2.3,2,2.2
19515,3,1,0,0,0,1,1,3,77980.0,2012-06-28 20:24:16,2012-06-29 18:12:21,78485.0,4.4,4,4.6
5191,9,3,2,6,1,1,1,11,87911.0,2007-09-22 21:01:25,2007-09-25 10:42:03,222038.0,1.2,1,1.4
3148,1,1,0,0,0,0,0,0,0.0,2005-03-26 17:05:56,2005-03-26 17:05:56,0.0,5.2,5,5.1
13154,1,1,1,1,1,0,0,0,0.0,2011-04-28 12:24:30,2011-04-28 12:24:30,0.0,1.2,1,1.3
19534,2,2,2,2,1,1,1,29,1576.0,2012-06-29 12:55:42,2012-06-29 13:21:58,1576.0,3.2,3,3.4
5206,2,2,2,2,1,1,1,2,153479.0,2007-09-30 20:47:22,2007-10-02 15:25:21,153479.0,1.4,1,1.4
1121,1,1,0,0,0,0,0,0,0.0,2003-02-19 10:21:12,2003-02-19 10:21:12,0.0,5.3,5,5.1
5219,2,2,2,2,1,1,1,8,11870.0,2007-10-03 21:20:03,2007-10-04 00:37:53,11870.0,1.2,1,1.4
1124,1,1,0,0,0,0,1,1,0.0,2003-02-20 16:37:55,2003-02-20 16:37:55,0.0,5.2,5,5.6
1133,2,2,1,1,0,1,1,2,2564.0,2003-02-24 16:17:53,2003-02-24 17:00:37,2564.0,1.1,1,1.5
3190,7,4,2,4,1,1,1,3,10706.0,2005-04-19 22:16:59,2005-04-20 17:17:25,68426.0,3.2,3,3.4
19575,9,3,3,9,1,1,0,0,7908.0,2012-07-02 17:56:08,2012-07-11 23:51:58,798950.0,2.1,2,2.3
17531,1,1,0,0,0,0,0,0,0.0,2012-03-10 02:13:15,2012-03-10 02:13:15,0.0,3.2,3,3.1
5244,1,1,0,0,0,0,1,11,0.0,2007-10-19 01:13:07,2007-10-19 01:13:07,0.0,1.1,1,1.6
19584,1,1,1,1,1,0,0,0,0.0,2012-07-02 21:47:31,2012-07-02 21:47:31,0.0,2.3,2,2.3
5251,3,2,2,3,1,1,1,6,60033.0,2007-10-24 23:23:25,2007-10-25 18:01:47,67102.0,1.2,1,1.4
3204,2,2,2,2,1,1,1,5,255029.0,2005-04-22 20:06:08,2005-04-25 18:56:37,255029.0,1.2,1,1.4
1161,1,1,0,0,0,0,0,0,0.0,2003-03-20 06:51:17,2003-03-20 06:51:17,0.0,5.2,5,5.1
21643,1,1,0,0,0,0,0,0,0.0,2012-09-28 14:44:27,2012-09-28 14:44:27,0.0,5.2,5,5.1
13452,11,4,4,11,1,1,1,1,245.0,2011-05-18 12:22:52,2011-05-18 16:44:38,15706.0,6.2,6,6.4
194,6,4,4,6,1,1,1,1,8820.0,2002-01-18 01:57:37,2002-01-18 19:12:34,62097.0,1.4,1,1.4
7314,3,3,3,3,1,1,0,0,383.0,2009-09-17 16:15:10,2009-09-17 22:10:12,21302.0,2.2,2,2.3
3219,7,3,3,7,1,1,1,2,9789.0,2005-04-26 22:10:02,2005-05-02 08:40:53,469851.0,2.3,2,2.4
5268,1,1,0,0,0,0,1,5,0.0,2007-10-31 06:22:36,2007-10-31 06:22:36,0.0,5.1,5,5.6
5273,14,6,4,11,1,1,1,33,3707.0,2007-11-01 04:28:13,2007-11-02 18:50:38,138145.0,1.2,1,1.4
5274,2,1,1,2,1,1,1,1,1305.0,2007-11-01 18:20:36,2007-11-01 18:42:21,1305.0,1.3,1,1.4
7329,3,3,3,3,1,1,0,0,921.0,2009-09-21 16:29:48,2009-09-21 16:55:19,1531.0,6.2,6,6.3
5284,15,5,5,15,1,1,1,7,364.0,2007-11-03 23:50:26,2007-11-04 17:14:27,62641.0,1.2,1,1.4
1905,4,3,2,2,0,1,1,4,2942.0,2004-02-25 16:20:14,2004-02-25 23:28:49,25715.0,5.2,5,5.5
1193,12,4,1,2,0,1,1,2,35449.0,2003-04-11 04:10:37,2003-04-16 19:50:19,488382.0,5.2,5,5.5
3245,3,2,0,0,0,1,0,0,336.0,2005-05-09 17:46:34,2005-05-09 19:27:14,6040.0,2.7,2,2.1
17583,2,2,1,1,0,1,0,0,354.0,2012-03-14 16:07:46,2012-03-14 16:13:40,354.0,1.4,1,1.2
16926,5,3,3,5,1,1,1,11,494.0,2012-02-07 20:29:48,2012-02-07 21:05:05,2117.0,5.2,5,5.4
3256,1,1,1,1,1,0,1,2,0.0,2005-05-12 07:43:15,2005-05-12 07:43:15,0.0,1.4,1,1.4
7357,17,5,3,12,0,1,1,19,416.0,2009-09-25 15:22:16,2009-09-30 00:58:45,380189.0,1.1,1,1.5
5317,35,5,5,35,1,1,1,19,1071.0,2007-11-18 01:49:59,2007-11-20 20:06:52,238613.0,1.2,1,1.4
5318,10,4,3,9,1,1,1,13,31543.0,2007-11-18 02:21:19,2007-11-21 12:05:54,294275.0,1.2,1,1.4
3274,1,1,0,0,0,0,1,8,0.0,2005-05-22 02:59:30,2005-05-22 02:59:30,0.0,1.1,1,1.6
5327,1,1,0,0,0,0,0,0,0.0,2007-11-20 03:51:45,2007-11-20 03:51:45,0.0,6.1,6,6.1
14884,2,2,1,1,0,1,0,0,9888.0,2011-08-24 13:56:12,2011-08-24 16:41:00,9888.0,5.1,5,5.2
7394,3,3,2,2,1,1,0,0,7135.0,2009-10-03 22:55:45,2009-10-04 01:24:27,8922.0,3.1,3,3.3
17635,2,2,1,1,0,1,0,0,29133.0,2012-03-19 04:15:40,2012-03-19 12:21:13,29133.0,5.2,5,5.2
5351,7,4,4,7,1,1,0,0,1776.0,2007-11-28 23:13:05,2007-11-29 12:11:57,46732.0,5.3,5,5.3
16936,6,5,4,5,1,1,0,0,1372.0,2012-02-08 02:13:43,2012-02-18 14:48:10,909267.0,2.8,2,2.3
1282,1,1,0,0,0,0,0,0,0.0,2003-05-28 09:15:27,2003-05-28 09:15:27,0.0,1.3,1,1.1
1288,2,1,0,0,0,1,0,0,17802183.0,2003-05-29 23:00:27,2003-12-22 00:03:30,17802183.0,4.4,4,4.1
1289,8,5,2,3,0,1,1,6,228031.0,2003-05-30 12:48:58,2003-06-06 08:52:49,590631.0,5.1,5,5.5
1295,1,1,1,1,1,0,0,0,0.0,2003-06-04 16:42:50,2003-06-04 16:42:50,0.0,5.3,5,5.3
1299,1,1,0,0,0,0,1,3,0.0,2003-06-06 09:37:07,2003-06-06 09:37:07,0.0,1.1,1,1.6
1305,1,1,0,0,0,0,1,3,0.0,2003-06-11 16:03:23,2003-06-11 16:03:23,0.0,1.1,1,1.6
4714,5,2,1,3,1,1,1,2,1360.0,2007-02-21 21:00:27,2007-02-21 22:20:42,4815.0,5.3,5,5.4
7457,12,2,2,12,1,1,1,21,459.0,2009-10-13 07:18:07,2009-10-13 09:05:08,6421.0,1.2,1,1.4
3365,1,1,0,0,0,0,1,2,0.0,2005-06-27 00:52:33,2005-06-27 00:52:33,0.0,1.3,1,1.6
3372,11,3,2,5,1,1,1,14,20122.0,2005-07-03 15:42:28,2005-07-18 23:17:37,1323309.0,5.1,5,5.4
1336,1,1,0,0,0,0,1,2,0.0,2003-07-09 02:46:47,2003-07-09 02:46:47,0.0,5.2,5,5.6
11582,2,1,0,0,0,1,0,0,14105.0,2011-01-22 06:39:59,2011-01-22 10:35:04,14105.0,6.1,6,6.1
2272,2,1,0,0,0,1,1,2,249.0,2004-06-15 12:23:15,2004-06-15 12:27:24,249.0,5.1,5,5.6
9541,1,1,0,0,0,0,0,0,0.0,2010-08-20 01:58:03,2010-08-20 01:58:03,0.0,6.1,6,6.1
3398,4,3,2,3,1,1,1,4,790.0,2005-07-19 19:58:07,2005-07-20 21:53:32,93325.0,1.2,1,1.4
17738,1,1,0,0,0,0,1,18,0.0,2012-03-21 17:50:11,2012-03-21 17:50:11,0.0,5.2,5,5.6
15702,1,1,0,0,0,0,0,0,0.0,2011-10-27 22:56:35,2011-10-27 22:56:35,0.0,6.2,6,6.1
1374,6,2,1,2,0,1,1,9,0.0,2003-09-01 14:32:37,2003-09-15 09:27:44,1191307.0,1.4,1,1.5
1381,2,2,2,2,1,1,1,28,430184.0,2003-09-05 12:48:56,2003-09-10 12:18:40,430184.0,1.4,1,1.4
1392,2,2,1,1,0,1,1,11,2853291.0,2003-09-10 14:49:29,2003-10-13 15:24:20,2853291.0,1.4,1,1.5
3441,4,3,1,1,0,1,0,0,5241617.0,2005-08-19 16:17:36,2006-02-22 13:03:14,16145138.0,1.2,1,1.2
3453,35,10,6,25,0,1,1,17,24876.0,2005-08-27 14:08:46,2005-08-31 17:04:35,356149.0,1.1,1,1.5
8085,2,2,2,2,1,1,0,0,5370.0,2010-03-04 13:02:24,2010-03-04 14:31:54,5370.0,4.4,4,4.3
7558,1,1,1,1,1,0,0,0,0.0,2009-10-29 20:03:38,2009-10-29 20:03:38,0.0,1.1,1,1.3
3463,9,5,2,3,0,1,1,21,157034.0,2005-09-06 11:15:02,2005-09-21 07:28:41,1282419.0,1.4,1,1.5
17807,5,3,2,4,0,1,1,1,39199.0,2012-03-25 04:05:02,2012-03-25 15:44:00,41938.0,2.2,2,2.5
1426,2,2,2,2,1,1,1,3,62963.0,2003-09-19 20:21:02,2003-09-20 13:50:25,62963.0,2.6,2,2.4
3475,1,1,0,0,0,0,1,1,0.0,2005-09-13 18:35:06,2005-09-13 18:35:06,0.0,5.2,5,5.6
1430,1,1,0,0,0,0,1,6,0.0,2003-09-20 14:07:09,2003-09-20 14:07:09,0.0,1.4,1,1.6
3482,8,5,3,6,1,1,1,32,1117.0,2005-09-20 21:57:42,2005-09-26 08:02:35,468293.0,2.6,2,2.4
1440,1,1,1,1,1,0,1,4,0.0,2003-09-23 09:16:04,2003-09-23 09:16:04,0.0,1.2,1,1.4
5550,4,2,0,0,0,1,1,7,7737.0,2008-01-18 13:48:21,2008-01-22 15:52:11,353030.0,1.2,1,1.6
3504,2,1,1,2,1,1,1,36,230791.0,2005-09-24 05:02:43,2005-09-26 21:09:14,230791.0,1.2,1,1.4
3518,2,2,0,0,0,1,1,3,23041.0,2005-09-28 00:35:26,2005-09-28 06:59:27,23041.0,5.2,5,5.6
21408,6,3,2,3,0,1,0,0,210.0,2012-09-20 14:49:16,2012-09-20 16:33:05,6229.0,2.5,2,2.2
1474,1,1,1,1,1,0,0,0,0.0,2003-10-01 21:27:21,2003-10-01 21:27:21,0.0,5.1,5,5.3
1481,4,3,2,2,0,1,1,9,91067.0,2003-10-04 18:47:08,2003-10-16 20:08:37,1041689.0,5.1,5,5.5
5579,1,1,1,1,1,0,0,0,0.0,2008-01-23 19:11:58,2008-01-23 19:11:58,0.0,2.2,2,2.3
1487,8,6,2,4,1,1,1,2,30249.0,2003-10-06 17:49:13,2003-10-12 14:10:55,505302.0,5.3,5,5.4
7635,2,2,2,2,1,1,0,0,3035.0,2009-11-13 09:12:41,2009-11-13 10:03:16,3035.0,3.2,3,3.3
3548,1,1,0,0,0,0,0,0,0.0,2005-10-11 08:57:25,2005-10-11 08:57:25,0.0,5.2,5,5.1
7648,1,1,1,1,1,0,1,31,0.0,2009-11-15 21:29:01,2009-11-15 21:29:01,0.0,1.2,1,1.4
3560,5,2,1,2,0,1,1,3,2258.0,2005-10-14 16:40:48,2005-10-14 18:10:16,5368.0,5.2,5,5.5
1524,2,2,0,0,0,1,0,0,14371.0,2003-10-13 02:03:20,2003-10-13 06:02:51,14371.0,6.3,6,6.1
9730,91,19,12,81,1,1,0,0,11550.0,2010-09-09 18:41:41,2010-09-22 13:40:28,1105127.0,3.1,3,3.3
3597,1,1,0,0,0,0,0,0,0.0,2005-10-30 12:34:40,2005-10-30 12:34:40,0.0,6.3,6,6.1
5647,4,1,0,0,0,1,0,0,64870.0,2008-02-12 14:47:54,2008-05-09 12:06:06,7507092.0,5.3,5,5.1
9746,1,1,1,1,1,0,0,0,0.0,2010-09-13 17:38:21,2010-09-13 17:38:21,0.0,4.4,4,4.3
20739,1,1,0,0,0,0,1,4,0.0,2012-08-26 21:04:30,2012-08-26 21:04:30,0.0,1.2,1,1.6
5656,4,2,2,4,1,1,1,4,345556.0,2008-02-15 21:34:30,2008-02-22 02:12:16,535066.0,2.2,2,2.4
3610,4,3,2,3,1,1,1,22,54841.0,2005-11-06 17:00:58,2005-11-07 15:19:02,80284.0,1.2,1,1.4
3614,2,2,1,1,0,1,1,7,57976.0,2005-11-08 07:03:31,2005-11-08 23:09:47,57976.0,5.1,5,5.5
7711,4,4,4,4,1,1,1,1,740.0,2009-11-24 22:31:51,2009-11-25 11:40:52,47341.0,1.2,1,1.4
1569,1,1,1,1,1,0,1,3,0.0,2003-10-25 12:45:19,2003-10-25 12:45:19,0.0,1.1,1,1.4
7714,8,4,4,8,1,1,1,2,767.0,2009-11-25 18:01:37,2009-11-26 14:24:07,73350.0,1.4,1,1.4
1572,2,2,2,2,1,1,1,13,8392.0,2003-10-29 16:27:02,2003-10-29 18:46:54,8392.0,1.2,1,1.4
1576,5,2,1,2,0,1,0,0,52454.0,2003-10-30 19:52:02,2003-11-04 00:12:26,361224.0,1.4,1,1.2
5678,1,1,1,1,1,0,1,5,0.0,2008-02-25 18:55:47,2008-02-25 18:55:47,0.0,5.1,5,5.4
20017,1,1,1,1,1,0,1,78,0.0,2012-07-23 18:35:32,2012-07-23 18:35:32,0.0,4.4,4,4.4
1587,2,2,0,0,0,1,1,5,12736.0,2003-11-06 10:41:38,2003-11-06 14:13:54,12736.0,5.3,5,5.6
20025,1,1,1,1,1,0,1,36,0.0,2012-07-23 23:09:50,2012-07-23 23:09:50,0.0,5.1,5,5.4
1595,1,1,1,1,1,0,1,4,0.0,2003-11-13 05:20:13,2003-11-13 05:20:13,0.0,1.1,1,1.4
20029,1,1,1,1,1,0,1,167,0.0,2012-07-24 00:44:11,2012-07-24 00:44:11,0.0,2.6,2,2.4
5696,2,2,1,1,0,1,0,0,16594.0,2008-03-05 21:07:59,2008-03-06 01:44:33,16594.0,5.2,5,5.2
20036,1,1,1,1,1,0,1,82,0.0,2012-07-24 06:29:01,2012-07-24 06:29:01,0.0,4.4,4,4.4
1614,2,2,2,2,1,1,0,0,54217.0,2003-11-24 20:19:24,2003-11-25 11:23:01,54217.0,3.2,3,3.3
1622,1,1,0,0,0,0,1,1,0.0,2003-11-25 22:20:56,2003-11-25 22:20:56,0.0,1.4,1,1.6
1623,1,1,1,1,1,0,0,0,0.0,2003-11-25 22:21:09,2003-11-25 22:21:09,0.0,3.2,3,3.3
272,4,2,1,2,0,1,1,9,534011.0,2002-02-08 18:43:24,2002-02-15 18:57:18,605634.0,1.4,1,1.5
3685,2,2,2,2,1,1,1,36,8383.0,2005-12-07 18:32:04,2005-12-07 20:51:47,8383.0,1.2,1,1.4
5743,1,1,0,0,0,0,0,0,0.0,2008-03-14 06:23:53,2008-03-14 06:23:53,0.0,6.1,6,6.1
13936,1,1,1,1,1,0,1,1,0.0,2011-06-17 05:39:28,2011-06-17 05:39:28,0.0,1.1,1,1.4
5751,6,5,2,3,0,1,0,0,15707.0,2008-03-15 04:32:21,2008-09-13 22:36:11,15789830.0,1.4,1,1.2
1656,1,1,1,1,1,0,1,3,0.0,2003-12-12 17:16:52,2003-12-12 17:16:52,0.0,2.2,2,2.4
3705,2,2,1,1,0,1,1,2,19504.0,2005-12-23 11:01:59,2005-12-23 16:27:03,19504.0,1.1,1,1.5
2666,1,1,0,0,0,0,0,0,0.0,2004-10-12 13:44:53,2004-10-12 13:44:53,0.0,5.3,5,5.1
1663,13,7,3,9,1,1,1,1,9177.0,2003-12-19 21:31:22,2003-12-23 18:32:54,334892.0,3.2,3,3.4
2668,3,2,0,0,0,1,1,1,72168.0,2004-10-12 22:54:40,2004-10-14 21:43:22,168522.0,5.2,5,5.6
20110,1,1,1,1,1,0,1,97,0.0,2012-07-26 14:16:31,2012-07-26 14:16:31,0.0,5.1,5,5.4
18605,7,2,2,7,1,1,1,2,212.0,2012-05-16 13:07:12,2012-05-16 14:57:21,6609.0,2.6,2,2.4
1682,1,1,1,1,1,0,0,0,0.0,2003-12-26 18:26:19,2003-12-26 18:26:19,0.0,3.2,3,3.3
3731,1,1,0,0,0,0,1,3,0.0,2006-01-13 06:09:36,2006-01-13 06:09:36,0.0,6.3,6,6.6
3743,2,2,2,2,1,1,1,6,174014.0,2006-01-23 19:40:27,2006-01-25 20:00:41,174014.0,1.4,1,1.4
5801,3,2,2,3,1,1,0,0,28915.0,2008-03-31 13:58:54,2008-04-01 12:26:28,80854.0,2.2,2,2.3
18375,1,1,1,1,1,0,0,0,0.0,2012-04-24 19:36:51,2012-04-24 19:36:51,0.0,2.3,2,2.3
18092,1,1,0,0,0,0,0,0,0.0,2012-04-10 13:47:55,2012-04-10 13:47:55,0.0,1.4,1,1.1
16048,5,4,4,5,1,1,1,6,16421.0,2011-11-26 04:50:31,2011-11-26 20:39:43,56952.0,1.1,1,1.4
3765,2,2,1,1,0,1,1,13,36591.0,2006-02-05 23:33:42,2006-02-06 09:43:33,36591.0,1.4,1,1.5
13257,1,1,1,1,1,0,1,6,0.0,2011-05-05 16:16:25,2011-05-05 16:16:25,0.0,4.4,4,4.4
5819,8,3,2,4,0,1,1,4,39694.0,2008-04-07 23:10:41,2008-04-09 11:31:29,130848.0,1.1,1,1.5
18112,4,4,1,1,0,1,0,0,144.0,2012-04-12 00:15:23,2012-04-13 07:01:14,110751.0,1.1,1,1.2
1741,6,4,3,5,1,1,1,4,2205.0,2004-01-13 19:52:12,2004-01-14 02:45:33,24801.0,5.3,5,5.4
18128,1,1,1,1,1,0,1,16,0.0,2012-04-12 20:30:51,2012-04-12 20:30:51,0.0,3.2,3,3.4
7900,1,1,0,0,0,0,0,0,0.0,2010-01-08 10:20:02,2010-01-08 10:20:02,0.0,6.1,6,6.1
12002,3,2,0,0,0,1,0,0,5050.0,2011-02-02 15:17:20,2011-02-03 10:42:44,69924.0,5.2,5,5.1
20197,2,1,1,2,1,1,0,0,202489.0,2012-07-30 11:45:51,2012-08-01 20:00:40,202489.0,6.3,6,6.3
3818,3,2,2,3,1,1,1,17,3600.0,2006-03-04 04:59:19,2006-03-05 14:09:20,119401.0,5.1,5,5.4
17021,1,1,1,1,1,0,1,6,0.0,2012-02-13 12:37:32,2012-02-13 12:37:32,0.0,4.3,4,4.4
1782,5,4,3,4,1,1,1,3,2258.0,2004-01-22 18:53:44,2004-01-29 11:07:40,576836.0,2.6,2,2.4
5883,1,1,1,1,1,0,1,20,0.0,2008-05-12 00:18:52,2008-05-12 00:18:52,0.0,5.1,5,5.4
18173,27,7,7,27,1,1,1,15,826.0,2012-04-15 14:45:07,2012-04-16 17:29:02,96235.0,2.6,2,2.4
18174,1,1,1,1,1,0,0,0,0.0,2012-04-15 14:46:51,2012-04-15 14:46:51,0.0,4.4,4,4.3
7939,1,1,1,1,1,0,0,0,0.0,2010-01-17 14:52:22,2010-01-17 14:52:22,0.0,2.3,2,2.3
5913,3,2,2,3,1,1,1,109,3769.0,2008-05-23 23:04:44,2008-05-24 01:50:41,9957.0,1.2,1,1.4
3874,9,6,2,2,0,1,1,9,22384.0,2006-04-04 10:09:23,2006-04-10 05:29:23,501600.0,6.3,6,6.5
18212,1,1,1,1,1,0,0,0,0.0,2012-04-16 17:06:05,2012-04-16 17:06:05,0.0,4.3,4,4.3
17031,4,3,3,4,1,1,0,0,3322.0,2012-02-13 21:00:13,2012-02-14 16:28:20,70087.0,2.8,2,2.3
1845,3,2,2,3,1,1,1,12,261173.0,2004-02-03 21:02:09,2004-02-09 14:08:49,493600.0,1.1,1,1.4
5942,3,2,1,1,0,1,1,3,32634.0,2008-06-17 00:35:22,2008-06-17 11:00:25,37503.0,5.2,5,5.5
1849,1,1,0,0,0,0,0,0,0.0,2004-02-05 10:14:03,2004-02-05 10:14:03,0.0,5.3,5,5.1
3906,4,3,2,2,0,1,1,5,693.0,2006-04-18 17:58:47,2006-04-18 18:22:55,1448.0,5.2,5,5.5
5959,1,1,0,0,0,0,0,0,0.0,2008-06-24 20:03:54,2008-06-24 20:03:54,0.0,5.1,5,5.1
5961,4,3,1,1,0,1,1,2,16149.0,2008-06-24 22:31:52,2008-06-26 02:35:50,101038.0,5.2,5,5.5
1880,2,2,0,0,0,1,1,1,32426.0,2004-02-16 11:49:41,2004-02-16 20:50:07,32426.0,5.3,5,5.6
5978,2,2,0,0,0,1,0,0,19613.0,2008-06-30 11:27:46,2008-06-30 16:54:39,19613.0,1.1,1,1.1
3932,4,3,1,2,0,1,1,3,2119.0,2006-04-26 16:24:44,2006-04-26 21:44:22,19178.0,1.2,1,1.5
3936,1,1,0,0,0,0,1,1,0.0,2006-04-27 02:25:21,2006-04-27 02:25:21,0.0,1.2,1,1.6
5985,4,2,1,2,0,1,1,7,39698.0,2008-07-03 00:54:04,2008-07-03 12:11:47,40663.0,5.1,5,5.5
5991,1,1,0,0,0,0,1,2,0.0,2008-07-04 06:13:36,2008-07-04 06:13:36,0.0,5.2,5,5.6
1896,6,3,2,3,1,1,1,2,7185.0,2004-02-24 15:03:38,2004-02-25 08:11:04,61646.0,1.1,1,1.4
3946,8,2,2,8,1,1,1,2,196928.0,2006-04-29 16:01:49,2006-05-01 23:39:39,200270.0,1.2,1,1.4
5999,2,2,1,1,1,1,1,3,816.0,2008-07-07 21:09:56,2008-07-07 21:23:32,816.0,2.5,2,2.4
1904,6,2,1,3,0,1,1,7,8984.0,2004-02-25 11:48:32,2004-02-25 18:25:55,23843.0,5.2,5,5.5
3953,13,5,1,2,0,1,1,7,2469.0,2006-05-02 01:27:43,2006-05-05 15:15:05,308842.0,1.2,1,1.5
12146,1,1,0,0,0,0,0,0,0.0,2011-02-15 16:02:20,2011-02-15 16:02:20,0.0,3.1,3,3.1
4755,1,1,0,0,0,0,0,0,0.0,2007-03-07 17:55:51,2007-03-07 17:55:51,0.0,6.2,6,6.1
3957,5,4,2,2,0,1,1,5,2736.0,2006-05-04 14:52:46,2006-05-05 15:21:45,88139.0,5.2,5,5.5
1915,1,1,0,0,0,0,1,3,0.0,2004-02-28 07:26:23,2004-02-28 07:26:23,0.0,1.4,1,1.6
3968,3,2,0,0,0,1,1,8,155195.0,2006-05-07 01:21:20,2006-05-08 20:30:02,155322.0,1.1,1,1.6
3972,2,1,1,2,1,1,1,13,134017.0,2006-05-07 10:00:09,2006-05-08 23:13:46,134017.0,1.2,1,1.4
3975,7,4,2,2,0,1,1,6,609.0,2006-05-08 23:07:26,2006-05-11 19:19:34,245528.0,1.4,1,1.5
3980,1,1,1,1,1,0,0,0,0.0,2006-05-09 15:22:44,2006-05-09 15:22:44,0.0,2.6,2,2.3
3989,8,4,2,3,0,1,1,18,10664.0,2006-05-11 10:24:10,2006-05-11 17:04:38,24028.0,1.2,1,1.5
3992,4,2,2,4,1,1,1,11,6573799.0,2006-05-11 18:53:00,2006-11-21 21:16:57,16770237.0,6.3,6,6.4
3993,3,3,3,3,1,1,0,0,4507.0,2006-05-11 20:28:59,2006-05-11 22:37:46,7727.0,4.2,4,4.3
17250,4,2,2,4,1,1,1,5,3768.0,2012-02-24 20:03:01,2012-02-24 23:22:31,11970.0,5.2,5,5.4
325,6,3,1,2,0,1,1,3,52742.0,2002-02-22 03:58:43,2002-02-25 20:13:33,317690.0,1.2,1,1.5
6049,5,3,3,5,1,1,0,0,9383.0,2008-07-31 13:57:01,2008-07-31 18:46:43,17382.0,2.8,2,2.3
4010,2,2,0,0,0,1,0,0,26779.0,2006-05-16 16:53:06,2006-05-17 00:19:25,26779.0,5.2,5,5.1
4012,1,1,0,0,0,0,0,0,0.0,2006-05-16 18:58:07,2006-05-16 18:58:07,0.0,5.2,5,5.1
4019,1,1,1,1,1,0,1,31,0.0,2006-05-18 10:10:37,2006-05-18 10:10:37,0.0,4.2,4,4.4
4021,9,3,2,7,1,1,1,10,7980.0,2006-05-18 17:43:08,2006-06-27 16:26:52,3451424.0,1.2,1,1.4
1977,5,3,1,1,0,1,1,3,15909.0,2004-03-22 17:04:45,2004-05-18 17:01:55,4924630.0,4.4,4,4.5
4030,1,1,1,1,1,0,1,13,0.0,2006-05-23 14:28:27,2006-05-23 14:28:27,0.0,5.1,5,5.4
8135,4,3,2,2,0,1,1,8,1843.0,2010-03-15 13:46:38,2010-03-18 12:51:17,255879.0,5.2,5,5.5
8138,45,18,13,37,1,1,0,0,737.0,2010-03-16 03:28:46,2010-03-18 17:44:16,224130.0,2.7,2,2.3
2001,10,7,3,4,0,1,0,0,26413.0,2004-03-27 01:07:56,2009-01-24 21:44:46,152483810.0,2.3,2,2.2
4053,10,7,5,8,1,1,0,0,3784.0,2006-05-27 23:33:28,2006-05-30 21:28:03,251675.0,6.2,6,6.3
4055,1,1,1,1,1,0,0,0,0.0,2006-05-28 19:06:31,2006-05-28 19:06:31,0.0,4.1,4,4.3
2009,3,3,2,2,1,1,1,2,14054.0,2004-03-29 23:43:30,2004-03-30 08:18:04,30874.0,3.2,3,3.4
4059,4,2,0,0,0,1,1,5,1384.0,2006-05-30 21:32:55,2006-05-30 22:59:29,5194.0,1.1,1,1.6
2017,3,3,1,1,1,1,0,0,1836.0,2004-03-30 18:40:27,2004-03-30 19:28:53,2906.0,3.2,3,3.3
20451,7,4,3,6,1,1,1,4,1774.0,2012-08-10 15:54:41,2012-08-11 18:58:39,97438.0,1.2,1,1.4
4070,21,10,6,15,1,1,1,11,34772.0,2006-06-01 23:37:44,2006-06-07 08:51:36,465232.0,1.2,1,1.4
8172,1,1,1,1,1,0,1,1,0.0,2010-03-23 13:30:16,2010-03-23 13:30:16,0.0,2.7,2,2.4
4077,4,3,3,4,1,1,1,1,15638.0,2006-06-04 05:38:00,2006-06-05 02:09:54,73914.0,1.1,1,1.4
14318,4,4,4,4,1,1,1,3,679.0,2011-07-12 20:48:09,2011-07-13 16:43:42,71733.0,3.2,3,3.4
4093,7,4,2,3,0,1,1,3,14937.0,2006-06-08 14:54:13,2006-06-10 14:31:04,171411.0,1.2,1,1.5
6135,55,6,5,34,0,1,1,27,18369.0,2008-09-09 18:57:31,2008-09-14 03:11:34,375243.0,1.2,1,1.5
4090,1,1,1,1,1,0,1,19,0.0,2006-06-08 00:49:37,2006-06-08 00:49:37,0.0,1.2,1,1.4
8191,49,9,5,33,1,1,1,13,13765.0,2010-03-27 11:25:08,2011-05-23 19:45:42,36490834.0,1.2,1,1.4
2730,3,2,1,1,0,1,1,2,1009.0,2004-11-03 00:46:11,2004-11-03 01:55:06,4135.0,5.1,5,5.5
2047,3,2,1,1,0,1,1,10,4451.0,2004-04-04 16:28:34,2004-04-05 11:03:19,66885.0,5.2,5,5.5
